EXT_CODE_LIST	EXT_CODE	INT_CODE_LIST	INT_CODE	DESC_EN	DESC_RU	COMMENTS
100	0	340000	392022	Up to date	Своевременно	(null)
100	A	340000	392025	1 to 30 days in arrears(Less than 1 Month)	1 - 30 дней	(null)
100	1	340000	392028	31 to 60 days in arrears(1 Month)	31 - 60 дней	(null)
100	2	340000	392031	61 to 90 days in arrears (2 Months)	61 - 90 дней	(null)
100	3	340000	392034	91 to 120 days in arrears (3 Months)	91 - 120 дней	(null)
100	4	340000	392037	121 to 150 days in arrears (4 Months)	121 - 150 дней	(null)
100	5	340000	392040	151 to 180 days in arrears (5 Months)	151 - 180 дней	(null)
100	6	340000	392043	More than 181 days in arrears (6 Months+)	Просрочка	(null)
100	8	340000	392046	Default	Неуплата	(null)
100	L	340000	392052	Litigation	Тяжба	(null)
100	W	340000	392055	Write-Off	Списан	(null)
100	U	340000	392058	Unclassified	Несекретный	(null)
100	X	340000	392061	DataNotAvailable	Данные недоступны	(null)
101	01	340001	390055	Deceased	Умер	(null)
101	02	340001	390056	Gone Away	Пропал без вести	(null)
101	03	340001	390057	Dispute	Обсуждение	(null)
101	04	340001	390058	Arrangement	Договоренность	(null)
101	05	340001	390059	Query	Запрос	(null)
101	06	340001	390060	Liability Sold On	Обязательство продано	(null)
101	07	340001	391913	Liability restructured	Обязательство реструктурировано	(null)
101	08	340001	392072	Two+ subsequent instalments not paid within 120 days starting from obligation due date	Отсутствие двух и более подряд платежей в течение 120 календарных дней с даты наступления срока исполнения обязательства	(null)
101	09	340001	392281	Grace Period / Mortgage Holidays	Льготный период / Ипотечные каникулы	(null)
101	99	340001	390068	Unknown	Неизвестно	(null)
102	0	340002	390088	Current	Текущий 	(null)
102	1	340002	390089	Previous	Предыдущий	(null)
102	2	340002	390090	Linked Address	Связанный адрес	(null)
102	8	340002	390091	Other 	Иной	(null)
102	9	340002	390092	Unknown	Неизвестно	(null)
103	1	340003	390113	Residential	Фактический	(null)
103	2	340003	391863	Registration	Регистрации	(null)
103	4	340003	390114	Postal	Почтовый	(null)
103	5	340003	390115	PO Box	Почтовый ящик	(null)
103	6	340003	390116	Business	Рабочий	(null)
103	8	340003	390117	Other	Иной	(null)
103	9	340003	390118	Unknown	Неизвестно	(null)
104	01	340004	390139	Main Applicant	Владелец	(null)
104	02	340004	390140	Joint Applicant	Совладелец	(null)
104	03	340004	390141	Warrantor	Поручитель	(null)
104	09	340004	390144	Referee 	Управляющий	(null)
106	0	340006	390192	Data Block not set  (normal case)	Блокировка данных не установлена	(null)
106	1	340006	390188	Data Unblocked (previously blocked)	Данные разблокированы 	(null)
106	2	340006	390189	Data Blocked (Query)	Данные заблокированы (запрос)	(null)
106	3	340006	390190	Data Blocked (Legal)	Данные заблокированы  (Юридический)	(null)
106	4	340006	390191	Data Block (VIP)	Данные заблокированы  (VIP)	(null)
106	5	340006	392226	Checking information included to credit history	Проверка информации, входящей в состав кредитной истории	(null)
108	0	340008	390270	Consent given	Согласие дано	(null)
108	1	340008	390271	Consent not given	Согласие не дано	(null)
108	8	340008	390274	Other	Иной	(null)
108	9	340008	390275	Unknown	Неизвестно	(null)
110	1	340010	390306	Available	Доступна	(null)
110	2	340010	390307	Temporarily Unavailable 	Временно не доступна	(null)
110	3	340010	390308	Terminated	Прекращена	(null)
110	4	340010	390309	Dormant	Неактивна	(null)
110	5	340010	390310	Stolen/Lost	Украден/потерян	(null)
110	8	340010	390311	Other	Другое	(null)
110	9	340010	390312	Unknown	Неизвестно	(null)
111	BGL	340011	391595	Bulgarian Lev	Болгарский лев	(null)
111	EGP	340011	390346	Egypt, Pound	Египетский фунт	(null)
111	ILS	340011	391729	Israel, New Shekel	Израильский новый шекель	(null)
111	KWD	340011	391730	Kuwait, Dinar	Кувейтский динар	(null)
111	SAR	340011	391732	Saudi Arabia, Riyal	Саудовский риал	(null)
111	SKK	340011	391733	Slovakia	Словакия Евро	(null)
111	AED	340011	391734	United Arab Emirates, Dirham	ОАЭ дирхам	(null)
111	RUB	340011	391862	Russian Rouble	Российская Федерация, рубль	(null)
111	EUR	340011	390347	European Union, Euro	Европейский Союз, евро	(null)
111	USD	340011	391736	United States, Dollar	Соединенные штаты, доллар	(null)
111	LYD	340011	391904	Libya, Dinar	Ливия, динар	(null)
111	CHF	340011	391740	Switzerland, Franc	Швейцария, франк	(null)
111	JPY	340011	391905	Japan, Yen	Япония, йена	(null)
111	AUG	340011	391902	Gold (in grams)	Золото (в граммах)	(null)
111	PTG	340011	391903	Platinum (in grams)	Платина (в граммах)	(null)
111	AGG	340011	392239	Silver (in grams)	Серебро (граммы)	(null)
111	GBP	340011	391735	United Kingdom Pound 	Фунт Стерлингов	(null)
111	CNY	340011	392240	China Yuan Renminbi	Юань Ренминби	(null)
111	UAH	340011	392241	Ukraine Hryvnia	Гривна	(null)
111	SEK	340011	391741	Sweden Krona 	Шведская Крона	(null)
111	PTE	340011	392242	Portuguese Escudo	Португальское Эскудо	(null)
111	PLN	340011	391731	Poland Zloty 	Злотый	(null)
111	TRY	340011	392243	Turkey Lira 	Турецкая Лира	(null)
111	SCR	340011	392244	Seychelles Rupee 	Сейшельская Рупия	(null)
111	KZT	340011	392245	Kazakhstan Tenge	Казахстанский Тенге	(null)
112	0	340012	390371	Current	Текущий 	(null)
112	1	340012	390372	Previous	Предыдущий	(null)
112	8	340012	390373	Other	Иной	(null)
112	9	340012	390374	Unknown	Неизвестно	(null)
113	01	340013	390395	Credit Application	Заявление на получение кредита	(null)
113	02	340013	390396	Customer Management	Проверка клиента	(null)
113	03	340013	390397	Collections	Проблемы задолженности	(null)
113	04	340013	390398	Insurance	Страхование	(null)
113	05	340013	390399	Market Pre-screening	Маркетинговое исследование	(null)
113	06	340013	390400	Consumer Enquiry	Запрос клиента	(null)
113	07	340013	391677	Info part	Запрос информационной части	(null)
113	08	340013	392133	Application Load	Передача заявления без запроса	(null)
113	11	340013	392246	Credit Request	Запрос на получение кредита	(null)
113	98	340013	392134	Other	Другое	(null)
114	01	340014	390421	Secured Loan	Обеспеченная ссуда	(null)
114	02	340014	390422	Personal Loan (Cash)	Потребительский кредит	(null)
114	03	340014	390423	Real-Estate Loan	Ипотечный кредит	(null)
114	04	340014	390424	POS Credit	Целевой займ/кредит в торговой точке (POS-кредит)	(null)
114	05	340014	391418	Car Loan	Кредит на приобретение автомобиля	(null)
114	11	340014	391424	Government Loan	Государств. кредитование	(null)
114	12	340014	391425	Co-operative Loan	Кооперативная ссуда	(null)
114	21	340014	390427	Revolving Account	Возобновляемый кредит	(null)
114	22	340014	390428	Retail Card	Карта продавца	(null)
114	25	340014	390431	Debit Card	Дебетовая карта	(null)
114	26	340014	390432	Overdraft Card	Карта с овердрафтом	(null)
114	27	340014	391434	Overdraft Account	Счет с овердрафтом	(null)
114	41	340014	390435	Lease to Own 	Лизинг	(null)
114	42	340014	390436	Airtime Account	Мобильный счет	(null)
114	43	340014	390437	Rental Agreement	Договор аренды	(null)
114	44	340014	390438	Current Account/Interbank Credit	Текущий счет	(null)
114	45	340014	390439	Mail Order	Почтовый перевод	(null)
114	46	340014	390440	On-line Services Account	Услуги он-лайн	(null)
114	47	340014	390441	Telecom Account	Телеком	(null)
114	48	340014	390442	Utilities Account	Коммунальный счет	(null)
114	49	340014	390443	Insurance Policy	Страховой полис	(null)
114	50	340014	390444	Factoring	Факторинг	(null)
114	51	340014	390448	Alimony	Алименты	(null)
114	60	340014	391457	Bank Guarantee	Банковская гарантия	(null)
116	0	340016	390496	Annually	Ежегодно	(null)
116	1	340016	390497	Half-yearly	Раз в полгода	(null)
116	2	340016	390498	Quarterly	Ежеквартально	(null)
116	3	340016	390499	Monthly	Ежемесячно	(null)
116	4	340016	390500	Fortnightly	Раз в две недели 	(null)
116	5	340016	390501	Weekly	Еженедельно	(null)
116	8	340016	390502	Other	Иной	(null)
116	9	340016	390503	Unknown	Неизвестно	(null)
117	0	340017	390525	Net	Чистый 	(null)
117	1	340017	390526	Gross	Без вычета налогов	(null)
117	9	340017	390527	Unknown	Неизвестно	(null)
118	01	340018	390548	Days	Дни	(null)
118	02	340018	390549	Weeks	Недели	(null)
114	23	340014	390429	Credit Card	Кредитная карта	(null)
114	24	340014	390430	Charge Card	Платежная карта	(null)
118	03	340018	390550	Months 	Месяцы	(null)
118	04	340018	390551	Years	Годы	(null)
118	09	340018	391597	Unknown	Неизвестно	(null)
119	01	340019	390572	Single	Холост/не замужем	(null)
119	02	340019	390573	Married	Женат/замужем	(null)
119	03	340019	390574	Co-habiting	Гражданский брак	(null)
119	04	340019	390575	Separated	Проживает отдельно	(null)
119	05	340019	390576	Divorced	Разведен (-а)	(null)
119	06	340019	390577	Widowed	Вдова (-ец)	(null)
119	07	340019	391495	To be married (engaged)	Помолвлен (-а)	(null)
119	98	340019	390578	Other	Другое	(null)
119	99	340019	390579	Unknown	Неизвестно	(null)
122	00	340022	390656	Not relevant (i.e. not in paid employment)	Не занят (например, при неоплачиваемой занятости)	(null)
122	01	340022	390657	Director	Руководитель	(null)
122	02	340022	390658	Senior Office Manager / Executive	Старший офис-менеджер/ Заместитель	(null)
122	03	340022	390659	Employee – General	Рядовой сотрудник	(null)
122	04	340022	390660	Junior Office Staff	Младший сотрудник офиса	(null)
122	05	340022	390661	Professional (Doctor, Dentist, Lawyer, Accountant)	Профессионал (Врач, Дантист, Адвокат, Бухгалтер)	(null)
122	06	340022	390662	Active Service Armed Forces/Police/Security Service Person	Служащий армии/Милиции/Охраны	(null)
122	07	340022	390663	Skilled Manual (Factory, Construction, Farmer, Driver)	Квалифицированный рабочий (Завод, Строительство)	(null)
122	08	340022	390664	Unskilled Manual (Labourer, Porter)	Неквалифицированный рабочий (чернорабочий, портье)	(null)
122	09	340022	390665	Non Manual – other	Не ручной труд - другое	(null)
122	20	340022	391634	House Wife	Домохозяйка	(null)
122	21	340022	391635	Retired	 Пенсионер	(null)
122	97	340022	390687	Not Given	Нет данных	(null)
122	98	340022	390688	Other	Другое	(null)
122	99	340022	390689	Unknown / Not Asked	Неизвестно / не опрашивался	(null)
123	01	340023	390710	Weekly	Еженедельно	(null)
123	02	340023	391497	Bi-Weekly	Раз в две недели 	(null)
123	03	340023	391498	Monthly	Ежемесячно	(null)
123	04	340023	390711	2 monthly (bimonthly)	раз в 2 месяца	(null)
123	05	340023	391499	3 monthly (quarterly)	раз в 3 месяца	(null)
123	06	340023	390712	4 monthly	раз в 4 месяца 	(null)
123	07	340023	390713	6 monthly	раз в 6 месяцев 	(null)
123	08	340023	390714	Annually	Ежегодно	(null)
123	98	340023	390715	Variable	переменно 	(null)
123	99	340023	390720	Unknown	Неизвестно	(null)
124	01	340024	390741	New Car	Новый автомобиль 	(null)
124	02	340024	390742	Used Car	Подержанный автомобиль 	(null)
124	03	340024	390743	Boat	Судно 	(null)
124	04	340024	390744	Motorbike	Мотоцикл	(null)
124	05	340024	390745	Other vehicles	Другое транспортное средство	(null)
124	06	340024	390746	Furniture	Мебель	(null)
124	07	340024	390747	House renovation, decoration	Ремонт дома, декорирование	(null)
124	08	340024	390748	Household Appliances	Бытовая техника 	(null)
124	09	340024	390749	Clothes	Одежда	(null)
124	10	340024	390750	Travel	Путешествие	(null)
124	11	340024	390751	Land	Земельный участок	(null)
124	12	340024	390752	House	Дом 	(null)
124	13	340024	390753	Settle Debts 	Оплата долга 	(null)
124	14	340024	390754	Wedding	Свадьба	(null)
124	15	340024	390755	Education	Образование	(null)
124	16	340024	390756	Computers	Компьютеры	(null)
124	17	340024	390757	 Services	Услуги	(null)
124	18	340024	390758	Co-operative payment, Rent, Deposit 	Оплата за кооп., арендная плата, депозит	(null)
124	19	340024	390759	Investment (Securities, bonds...)	Инвестиции (ценные бумаги, облигации)	(null)
124	20	340024	390760	Health / Medical expenses 	Здравоохранение\/оплата медицинских услуг  	(null)
124	21	340024	390761	Hobby	Хобби, увлечение	(null)
124	22	340024	390762	Commercial, business (Assets)	Коммерч., деловая деятельность (активы)	(null)
124	23	340024	390763	Telecommunication equipment (not mobile)	Телекоммуник. оборудование  (стационарное)	(null)
124	24	340024	390764	Mobile phone	Мобильный телефон	(null)
124	25	340024	390765	Water Supply	Водоснабжение	(null)
124	26	340024	390766	Electricity Supply	Электроснабжение	(null)
124	27	340024	390767	Gas Supply	Газоснабжение	(null)
124	28	340024	390768	Petrol Supply	Снабжение топливом	(null)
124	29	340024	391846	Working Capital	Основной капитал	(null)
124	30	340024	391847	Fixed Investment	Вложения в основной капитал	(null)
124	31	340024	391848	Agricultural Loan	Заем на с\/х нужды	(null)
124	32	340024	391849	Mortgage Loan	Заем на недвижимость	(null)
124	33	340024	391850	Construction Loan	Заем на строительство	(null)
124	34	340024	391851	Hotel Loan	Заем на гостиничный бизнес	(null)
124	98	340024	390769	Other	Иной	(null)
124	99	340024	390770	Unknown	Неизвестно	(null)
125	0	340025	391868	Family Ownership	Семейная собственность	(null)
125	1	340025	390792	Owner	Владелец	(null)
125	2	340025	390793	Mortgaged	Заложено 	(null)
125	9	340025	390800	Unknown	Неизвестно	(null)
127	1	340027	390847	Male	Мужчина	(null)
127	2	340027	390848	Female	Женщина 	(null)
127	3	340027	390849	Company	Компания	(null)
127	8	340027	390850	Other	Другой	(null)
127	9	340027	390851	Unknown	Неизвестно	(null)
131	01	340031	390938	Unresolved Complaint	Неразрешенная жалоба	(null)
131	02	340031	390939	Habitually Slow	Постоянный задержки выплат	(null)
131	03	340031	390940	Consumer Insolvent	Неплатежеспособность клиента	(null)
131	04	340031	390941	Consumer Absconded	Укрывание от правосудия	(null)
131	05	340031	390942	Unemployed Consumer	Безработный	(null)
131	06	340031	390943	Permanently Disabled	Инвалидность	(null)
131	07	340031	390944	Goods Repossessed	Невыкуп залога 	(null)
131	08	340031	390945	Deceased	Смерть	(null)
131	09	340031	390946	Lost/Stolen Credit Card	Потерянная\/похищенная кредитная карта	(null)
131	10	340031	390947	Closed by Consumer	Закрыто клиентом	(null)
131	11	340031	390948	Closed by Lender	Закрыто кредитором	(null)
131	12	340031	390949	Fraud	Мошенничество	(null)
131	13	340031	390950	Potential Risk Account	Потенциально рискованный счет 	(null)
131	14	340031	390951	Annulment of Debt Following Insolvency Order	Аннулирование счета в связи с неплатежеспособностью	(null)
131	15	340031	390954	Paid by Warrantor	За счет средств поручителя	(null)
131	16	340031	390955	Rescheduled	Перепланировано	(null)
131	17	340031	390956	Settled Early	Оплачено досрочно 	(null)
131	18	340031	391875	Paid with security	Оплата за счет обеспечения	(null)
131	19	340031	391909	Assignment of rights	Переуступка прав	(null)
131	20	340031	391910	Refunded from reserves	Погашение за счет резервов	(null)
131	21	340031	390952	Receivership	В отношение источника открыто конкурсное производство	(null)
131	22	340031	390953	Liquidation	В отношение источника начат процесс ликвидации	(null)
131	98	340031	392116	Other	Иной	(null)
131	99	340031	392117	Unknown	Неизвестно	(null)
133	AH	340033	392273	Abkhazia	Абхазия	(null)
133	AF	340033	391001	Afghanistan	Афганистан 	(null)
133	AX	340033	392064	Aland Islands	Аландские острова	(null)
133	AL	340033	391002	Albania	Албания 	(null)
133	DZ	340033	391003	Algeria	Алжир 	(null)
133	AS	340033	391004	American Samoa	о-ва Самоа (США)	(null)
133	AD	340033	391005	Andorra	Андорра 	(null)
133	AO	340033	391006	Angola	Ангола 	(null)
133	AI	340033	391007	Anguilla	о-в Ангилья	(null)
133	AQ	340033	391008	Antarctica	Антарктика	(null)
133	AG	340033	391009	Antigua and Barbuda	Антигуа и Барбуда 	(null)
133	AR	340033	391010	Argentina	Аргентина	(null)
133	AM	340033	391011	Armenia	Армения	(null)
133	AW	340033	391012	Aruba	о-в Аруба	(null)
133	AU	340033	391013	Australia	Австралия 	(null)
133	AT	340033	391014	Austria	Австрия 	(null)
133	AZ	340033	391015	Azerbaijan	Азербайджан 	(null)
133	BS	340033	391016	Bahamas	Багамcкие острова 	(null)
133	BH	340033	391017	Bahrain	Бахрейн	(null)
133	BD	340033	391018	Bangladesh	Бангладеш	(null)
133	BB	340033	391019	Barbados	Барбадос	(null)
133	BY	340033	391020	Belarus	Беларусь	(null)
133	BE	340033	391021	Belgium	Бельгия	(null)
133	BZ	340033	391022	Belize	Белиз	(null)
133	BJ	340033	391023	Benin	Бенин	(null)
133	BM	340033	391611	Bermuda	Бермудские о-ва	(null)
133	BT	340033	391024	Bhutan	Бутан	(null)
133	BO	340033	391025	Bolivia, Plurinational State Of	Боливия, Многонациональное государство	(null)
133	BA	340033	391026	Bosnia and Herzegovina	Босния и Герцеговина 	(null)
133	BW	340033	391027	Botswana	Ботсвана	(null)
133	BV	340033	391028	Bouvet Island	Остров Буве	(null)
133	BR	340033	391029	Brazil	Бразилия	(null)
133	IO	340033	391030	British Indian Ocean Territory	Британская территория в Индийском океане	(null)
133	BN	340033	391032	Brunei Darussalam	Бруней-Даруссалам	(null)
133	BG	340033	391033	Bulgaria	Болгария	(null)
133	BF	340033	391034	Burkina Faso	Буркина-Фасо 	(null)
133	BI	340033	391035	Burundi	Бурунди	(null)
133	KH	340033	391036	Cambodia	Камбоджа	(null)
133	CM	340033	391037	Cameroon	Камерун	(null)
133	CA	340033	391038	Canada	Канада	(null)
133	CV	340033	391039	Cape Verde	Кабо-Верде 	(null)
133	KY	340033	391040	Cayman Islands	Каймановы острова	(null)
125	3	340025	390794	Rented	Арендовано 	(null)
125	4	340025	390795	Living with Parents	Проживание с родителями	(null)
125	5	340025	390796	Living with others	Проживание с иными лицами 	(null)
125	6	340025	390797	Housing provided by the employer	Жилье обеспечивается работодателем	(null)
125	7	340025	390798	Not Given	Не предоставлено 	(null)
125	8	340025	390799	Other	Иной	(null)
133	CF	340033	391041	Central African Republic	Центрально-Африканская Республика 	(null)
133	TD	340033	391042	Chad	Чад	(null)
133	CL	340033	391043	Chile	Чили	(null)
133	CN	340033	391044	China	Китай	(null)
133	CX	340033	391045	Christmas Island	Остров Рождества	(null)
133	CC	340033	391046	Cocos (Keeling) Islands	Кокосовые (Килинг) острова	(null)
133	CO	340033	391047	Colombia	Колумбия	(null)
133	KM	340033	391048	Comoros	Коморские о-ва	(null)
133	CG	340033	391049	Congo	Конго	(null)
133	CD	340033	391612	Congo, The Democratic Republic of the	Демократическая Республика Конго	(null)
133	CK	340033	391050	Cook Islands	Острова Кука	(null)
133	CR	340033	391051	Costa Rica	Коста-Рика 	(null)
133	HR	340033	391052	Croatia	Хорватия	(null)
133	CU	340033	391053	Cuba	Куба	(null)
133	CY	340033	391054	Cyprus	Кипр	(null)
133	CZ	340033	391055	Czech Republic	Чехия	(null)
133	DK	340033	391056	Denmark	Дания	(null)
133	DJ	340033	391057	Djibouti	Джибути	(null)
133	DM	340033	391058	Dominica	Доминика	(null)
133	DO	340033	391059	Dominican Republic	Доминиканская Республика 	(null)
133	TP	340033	391060	East Timor	Восточный Тимор 	(null)
133	EC	340033	391061	Ecuador	Эквадор	(null)
133	EG	340033	391062	Egypt	Египет	(null)
133	SV	340033	391063	El Salvador	Сальвадор	(null)
133	GQ	340033	391064	Equatorial Guinea	Экваториальная Гвинея 	(null)
133	ER	340033	391065	Eritrea	Эритрея	(null)
133	EE	340033	391066	Estonia	Эстония	(null)
133	ET	340033	391067	Ethiopia 	Эфиопия	(null)
133	FK	340033	391069	Falkland Islands (Malvinas)	Фолклендские (Мальвинские) острова	(null)
133	FO	340033	391070	Faroe Islands	Фарерские острова	(null)
133	FJ	340033	391071	Fiji	Фиджи	(null)
133	FI	340033	391072	Finland	Финляндия	(null)
133	FR	340033	391073	France 	Франция 	(null)
133	FX	340033	391074	France Metropolitan	Французская метрополия	(null)
133	GF	340033	391075	French Guiana	Французская Гвиана	(null)
133	PF	340033	391076	French Polynesia	Французская Полинезия	(null)
133	TF	340033	391077	French Southern Territories	Французские Южные территории	(null)
133	GA	340033	391078	Gabon	Габон	(null)
133	GM	340033	391079	Gambia	Гамбия 	(null)
133	GE	340033	391080	Georgia	Грузия 	(null)
133	DE	340033	391081	Germany	Германия 	(null)
133	GH	340033	391082	Ghana	Гана 	(null)
133	GI	340033	391083	Gibraltar	Гибралтар	(null)
133	GR	340033	391084	Greece	Греция 	(null)
133	GL	340033	391085	Greenland	Гренландия	(null)
133	GD	340033	391086	Grenada	Гренада	(null)
133	GP	340033	391087	Guadeloupe	Гваделупа	(null)
133	GU	340033	391088	Guam	о-в Гуам	(null)
133	GT	340033	391089	Guatemala	Гватемала 	(null)
133	GG	340033	392065	Guernsey	Гернси	(null)
133	GN	340033	391090	Guinea	Гвинея 	(null)
133	GW	340033	391091	Guinea-Bissau	Гвинея-Бисау 	(null)
133	GY	340033	391092	Guyana	Гайана	(null)
133	HT	340033	391093	Haiti	Гаити 	(null)
133	HM	340033	391094	Heard Island And McDonald Islands	Остров Херд и Острова Макдоналд	(null)
133	HN	340033	391096	Honduras	Гондурас 	(null)
133	HK	340033	391097	Hong Kong	Гонконг	(null)
133	HU	340033	391098	Hungary	Венгрия	(null)
133	IS	340033	391099	Iceland	Исландия	(null)
133	IN	340033	391100	India	Индия	(null)
133	ID	340033	391101	Indonesia	Индонезия 	(null)
133	IR	340033	391103	Iran, Islamic Republic Of	Иран, Исламская Республика	(null)
133	IQ	340033	391104	Iraq	Ирак 	(null)
133	IE	340033	391105	Ireland	Ирландия 	(null)
133	IL	340033	391106	Israel	Израиль 	(null)
133	IT	340033	391107	Italy	Италия 	(null)
133	CI	340033	391108	Ivory Coast (Cote D’Ivoire)	Берег Слоновой Кости	(null)
133	JM	340033	391109	Jamaica	Ямайка 	(null)
133	JP	340033	391110	Japan	Япония	(null)
133	JE	340033	392066	Jersey	Джерси	(null)
133	JO	340033	391111	Jordan	Иордания	(null)
133	KZ	340033	391112	Kazakhstan	Казахстан 	(null)
133	KE	340033	391113	Kenya	Кения 	(null)
133	KI	340033	391613	Kiribati	Кирибати 	(null)
133	KP	340033	391614	Korea, Democratic People’s Republic of	Корея, северная 	(null)
133	KR	340033	391615	Korea, Republic of	Корея, южная 	(null)
133	KW	340033	391616	Kuwait	Кувейт	(null)
133	KG	340033	391617	Kyrgyzstan	Кыргызстан	(null)
133	LA	340033	391618	Lao People’s Democratic Republic	Лаосская Народно-Демократическая Республика	(null)
133	LV	340033	391619	Latvia	Латвия 	(null)
133	LB	340033	391620	Lebanon	Ливан 	(null)
133	LS	340033	391621	Lesotho	Лесото 	(null)
133	LR	340033	391622	Liberia	Либерия 	(null)
133	LY	340033	391114	Libyan Arab Jamahiriya	Ливийская Арабская Джамахирия	(null)
133	LI	340033	391115	Liechtenstein	Лихтенштейн 	(null)
133	LT	340033	391116	Lithuania	Литва	(null)
133	LU	340033	391117	Luxembourg	Люксембург 	(null)
133	MO	340033	391118	Macao	Макао	(null)
133	MK	340033	391119	Macedonia, the Former Yugoslav Republic of 	бывшая югославская республика Македония	(null)
133	MG	340033	391120	Madagascar	Мадагаскар 	(null)
133	MW	340033	391121	Malawi	Малави 	(null)
133	MY	340033	391122	Malaysia	Малайзия 	(null)
133	MV	340033	391123	Maldives	Мальдивы 	(null)
133	ML	340033	391124	Mali	Мали 	(null)
133	MT	340033	391125	Malta	Мальта 	(null)
133	MH	340033	391126	Marshall Islands	Маршалловы Острова 	(null)
133	MQ	340033	391127	Martinique	о-в Мартиника	(null)
133	MR	340033	391128	Mauritania	Мавритания	(null)
133	MU	340033	391129	Mauritius	Маврикий 	(null)
133	YT	340033	391130	Mayotte	Майоте	(null)
133	MX	340033	391131	Mexico	Мексика 	(null)
133	FM	340033	391132	Micronesia, Federated States Of	Микронезия, Федеративные штаты	(null)
133	MD	340033	391133	Moldova, Republic of 	Молдавия 	(null)
133	MC	340033	391134	Monaco	Монако 	(null)
133	MN	340033	391135	Mongolia	Монголия 	(null)
133	ME	340033	392067	Montenegro	Черногория	(null)
133	MS	340033	391136	Montserrat	о-в Монтсеррат	(null)
133	MA	340033	391137	Morocco	Марокко 	(null)
133	MZ	340033	391138	Mozambique	Мозамбик 	(null)
133	MM	340033	391139	Myanmar	Мьянма	(null)
133	NA	340033	391140	Namibia	Намибия 	(null)
133	NR	340033	391141	Nauru	Науру 	(null)
133	NP	340033	391142	Nepal	Непал 	(null)
133	NL	340033	391143	Netherlands	Нидерланды 	(null)
133	AN	340033	391144	Netherlands Antilles	Нидерландские Антильские острова	(null)
133	NC	340033	391145	New Caledonia	о-в Новая Каледония	(null)
133	NZ	340033	391146	New Zealand	Новая Зеландия 	(null)
133	NI	340033	391147	Nicaragua	Никарагуа 	(null)
133	NE	340033	391148	Niger	Нигер 	(null)
133	NG	340033	391149	Nigeria	Нигерия 	(null)
133	NU	340033	391150	Niue	Ниуэ	(null)
133	NF	340033	391151	Norfolk Island	Остров Норфолк	(null)
133	MP	340033	391152	Northern Mariana Islands	Содружество Северных Марианских Островов	(null)
133	NO	340033	391153	Norway	Норвегия 	(null)
133	OM	340033	391154	Oman	Оман 	(null)
133	PK	340033	391155	Pakistan	Пакистан 	(null)
133	PW	340033	391156	Palau	Палау 	(null)
133	PS	340033	391623	Palestinian Territory, Occupied	Палестинская территория	(null)
133	PA	340033	391157	Panama	Панама 	(null)
133	PG	340033	391158	Papua New Guinea	Папуа - Новая Гвинея 	(null)
133	PY	340033	391159	Paraguay	Парагвай 	(null)
133	PE	340033	391160	Peru	Перу 	(null)
133	PH	340033	391161	Philippines	Филиппины 	(null)
133	PN	340033	391162	Pitcairn	о-в Питкэрн	(null)
133	PL	340033	391163	Poland	Польша 	(null)
133	PT	340033	391164	Portugal	Португалия 	(null)
133	PR	340033	391165	Puerto Rico	Пуэрто Рико	(null)
133	QA	340033	391166	Qatar	Катар 	(null)
133	RE	340033	391167	Reunion	Реюньон	(null)
133	RO	340033	391168	Romania	Румыния 	(null)
133	RU	340033	391169	Russian Federation	Россия 	(null)
133	RW	340033	391170	Rwanda	Руанда 	(null)
133	BL	340033	392068	Saint Barthelemy	Сен-Бартелеми	(null)
133	SH	340033	391187	Saint Helena, Ascension And Tristan Da Cunha	Святая Елена, Вознесения и Тристан-да-Кунья	(null)
133	KN	340033	391188	Saint Kitts And Nevis	Сент-Китс и Невис	(null)
133	LC	340033	391189	Saint Lucia	Сент-Люсия	(null)
133	MF	340033	392069	Saint Martin	Сент-Мартин	(null)
133	PM	340033	391190	Saint Pierre And Miquelon	Сент-Пьер и Микелон	(null)
133	VC	340033	391191	Saint Vincent And The Grenadines	Сент-Винсент и Гренадины	(null)
133	WS	340033	391171	Samoa	Самоа 	(null)
133	SM	340033	391172	San Marino	Сан-Марино 	(null)
133	ST	340033	391173	Sao Tome and Principe	Сан-Томе и Принсипи 	(null)
133	SA	340033	391174	Saudi Arabia	Саудовская Аравия 	(null)
133	SN	340033	391175	Senegal	Сенегал	(null)
133	RS	340033	392070	Serbia	Сербия	(null)
133	CS	340033	391889	Serbia and Montenegro	Сербия и Черногория	(null)
133	SC	340033	391176	Seychelles	Сейшельские о-ва	(null)
133	SL	340033	391177	Sierra Leone	Сьерра-Леоне	(null)
133	SG	340033	391178	Singapore	Сингапур 	(null)
133	SK	340033	391179	Slovakia	Словакия 	(null)
133	SI	340033	391180	Slovenia	Словения	(null)
133	SB	340033	391181	Solomon Islands	Соломоновы Острова	(null)
133	SO	340033	391182	Somalia	Сомали	(null)
133	ZA	340033	391183	South Africa	Южная Африка	(null)
133	GS	340033	391184	South Georgia And The South Sandwich Islands	Южная Джорджия и ЮжныеСандвичевы острова	(null)
133	ES	340033	391185	Spain	Испания	(null)
133	LK	340033	391186	Sri Lanka	Шри-Ланка	(null)
133	SD	340033	391192	Sudan	Судан	(null)
133	SR	340033	391193	Suriname	Суринам	(null)
133	SJ	340033	391194	Svalbard And Jan Mayen	Шпицберген и Ян Майен	(null)
133	SZ	340033	391195	Swaziland	Свазиленд	(null)
133	SE	340033	391196	Sweden	Швеция	(null)
133	CH	340033	391197	Switzerland	Швейцария	(null)
133	SY	340033	391198	Syrian Arab Rep	Сирия	(null)
133	TW	340033	391199	Taiwan, Province Of China	Тайвань, Провинция Китайской Республики	(null)
133	TJ	340033	391200	Tajikistan	Таджикистан	(null)
133	TZ	340033	391201	Tanzania, United Republic of	Танзания	(null)
133	TH	340033	391202	Thailand	Таиланд	(null)
133	TL	340033	392071	Timor-Leste	Тимор-Лесте	(null)
133	TG	340033	391203	Togo	Того	(null)
133	TK	340033	391204	Tokelau	о-ва Токелау	(null)
133	TO	340033	391205	Tonga	Тонга	(null)
133	TT	340033	391206	Trinidad and Tobago	Тринидад и Тобаго	(null)
133	TN	340033	391207	Tunisia	Тунис	(null)
133	TR	340033	391208	Turkey	Турция	(null)
133	TM	340033	391209	Turkmenistan	Туркменистан	(null)
133	TC	340033	391210	Turks And Caicos Islands	Острова Теркс и Кайкос	(null)
133	TV	340033	391211	Tuvalu	Тувалу	(null)
133	UG	340033	391212	Uganda	Уганда	(null)
133	UA	340033	391213	Ukraine	Украина	(null)
133	AE	340033	391214	United Arab Emirates	ОАЭ	(null)
133	GB	340033	391215	United Kingdom	Соединенное Королевство	(null)
133	US	340033	391216	United States	Соединённые Штаты Америки	(null)
133	UM	340033	391217	United States Minor Outlying Islands	Малые Тихоокеанские Отдаленные Острова	(null)
133	UY	340033	391219	Uruguay	Уругвай	(null)
133	UZ	340033	391220	Uzbekistan	Узбекистан	(null)
133	VU	340033	391221	Vanuatu	Вануату	(null)
133	VA	340033	391222	Vatican City State (Holy See)	Государство-город Ватикан (Папский престол)	(null)
133	VE	340033	391223	Venezuela	Венесуэла	(null)
133	VN	340033	391224	Viet Nam	Вьетнам	(null)
133	VG	340033	391031	Virgin Islands, British	Виргинские острова, Британские	(null)
133	VI	340033	391218	Virgin Islands, U.S.	Виргинские острова, США	(null)
133	WF	340033	391225	Wallis And Futuna	Уоллис и Футуна     	(null)
133	EH	340033	391226	Western Sahara	Западная Сахара	(null)
133	YE	340033	391227	Yemen	Йемен         	(null)
133	YU	340033	391228	Yugoslavia	Югославия	(null)
133	ZR	340033	391229	Zaire	Заир 	(null)
133	ZM	340033	391230	Zambia	Замбия 	(null)
133	ZW	340033	391231	Zimbabwe	Зимбабве	(null)
133	98	340033	391496	Other	Иной	(null)
133	99	340033	391235	Unknown	Неизвестно	(null)
136	01	340036	391512	Russian Passport 	Паспорт гражданина РФ	(null)
136	02	340036	391513	International Passport (For not Russian Citizens)	Международный паспорт (ин. гражд.)	(null)
136	03	340036	391514	Military ID Card 	Военный билет	(null)
136	04	340036	391515	Officer ID Card	Удостоверение офицера	(null)
136	05	340036	391516	Sailor’s Passport	Паспорт моряка	(null)
136	06	340036	391517	EGRN	ЕГРН	(null)
136	07	340036	391680	Temporary ID form № 2-П 	Временное удостоверение по форме № 2-П	(null)
136	08	340036	391681	Individual Tax ID Number	ИНН Физического лица	(null)
136	09	340036	391739	Company Tax ID Number	ИНН Юридического лица	(null)
136	10	340036	391742	OKPO	ОКПО	(null)
136	11	340036	391869	Foreign Passport (International  Passport issued in Russia for Russian citizens to go Abroad)	Заграничный паспорт (гр. России)	(null)
136	12	340036	391880	Born certificate  (for Russian citizens, not reached 14 years old)	Свид. о рождении  (гр. России<14)	(null)
136	13	340036	391881	Diplomatic passport	Дипломатический паспорт	(null)
136	14	340036	391882	USSR Passport	Паспорт гражданина СССР	(null)
136	15	340036	391883	Driving license	Водительское удостоверение	(null)
136	16	340036	391884	National Passport of other Country issued by that country and admitted in Russia	Национальный паспорт иного госуд.	(null)
136	17	340036	391885	Residence permit	Вид на жительство	(null)
136	18	340036	391886	Refugee ID form	Удостоверение беженца	(null)
136	19	340036	391887	The certificate on registration of the petition on a recognition of the immigrant the refugee	Свид. о рег. ход. о призн. иммигр. беж.	(null)
136	20	340036	391888	The sanction to part-time residence of the person without citizenship	Разр. на врем. прож. лица без гражд.	(null)
136	21	340036	391906	Other documents issued by government authorities (RU)	Иные документы	(null)
136	22	340036	391907	Code of Foreign company (KIO)	КИО	(null)
136	23	340036	391908	Code of registration reason in Tax inspection (KPP)	КПП	(null)
136	24	340036	392260	Identification Number for Company non-residents (IDN)	ИНН	(null)
136	25	340036	392261	Registration Number for Company non-residents (RDN)	Регистрационный номер	(null)
136	98	340036	391682	Other	Иной	(null)
136	99	340036	391683	Unknown	Неизвестно	(null)
138	01	340038	391603	Mr	Господин	(null)
138	02	340038	391604	Mrs	Госпожа	(null)
138	03	340038	391605	Miss	Мисс	(null)
138	04	340038	391606	Ms	Миссис	(null)
138	05	340038	391607	Dr	Д-р	(null)
138	06	340038	391608	Sir	Сэр	(null)
138	07	340038	391609	Professor 	Профессор	(null)
138	98	340038	391610	Other	Иной	(null)
138	99	340038	391678	Unknown	Неизвестно	(null)
148	1	340048	391699	No	Нет	(null)
148	2	340048	391700	Yes	Да	(null)
148	3	340048	391701	Not Given	Не предоставлено	(null)
148	4	340048	391702	Not Asked / Unknown	Не запрашивалось/неизвестно	(null)
149	01	340049	391703	Employed Full Time	Полная занятость 	(null)
149	02	340049	391704	Employed Part Time	Частичная занятость 	(null)
149	03	340049	391705	Employed Temporarily	Временная работа 	(null)
149	04	340049	391706	Self Employed	Индивидуальная занятость 	(null)
149	05	340049	391707	Unemployed	Безработный	(null)
149	06	340049	391708	Housewife/husband/carer	Домохозяйка/домохозяин/уход на дому	(null)
149	07	340049	391709	Retired	Пенсионер 	(null)
149	08	340049	391710	Student	Студент	(null)
149	09	340049	391711	Apprentice	Ученик	(null)
149	10	340049	391712	Casual Employment	Периодическая занятость	(null)
149	97	340049	391713	Not Given	Не предоставлено 	(null)
149	98	340049	391714	Other	Иной	(null)
149	99	340049	391715	Unknown	неизвестно	(null)
151	1	340051	391737	Consumer / Private Entrepreneur	Потребитель	(null)
151	2	340051	391738	Business	Компания	(null)
152	01	340052	391743	Adygeya	Республика Адыгея	(null)
152	02	340052	391744	Bashkortostan	Республика Башкортостан	(null)
152	03	340052	391745	Buryatiya	Республика Бурятия	(null)
152	04	340052	391746	Altay	Республика Алтай	(null)
152	05	340052	391747	Dagestan	Республика Дагестан	(null)
152	06	340052	391748	Ingushetiya	Республика Ингушетия	(null)
152	07	340052	391749	Kabardino-Balkariya	Кабардино-Балкарская Республика	(null)
152	08	340052	391750	Kalmykiya	Республика Калмыкия	(null)
152	09	340052	391751	Karachaevo-Cherkesia	Республика Карачаево-Черкессия	(null)
152	10	340052	391752	Karelia	Республика Карелия	(null)
152	11	340052	391753	Komi	Республика Коми	(null)
152	12	340052	391754	Mary-El	Республика Марий Эл	(null)
152	13	340052	391755	Mordoviya	Республика Мордовия	(null)
152	14	340052	391756	Saha	Республика Саха (Якутия)	(null)
152	15	340052	391757	Severnaya Osetiya	Республика Северная Осетия-Алания	(null)
152	16	340052	391758	Tatarstan	Республика Татарстан	(null)
152	17	340052	391759	Tuva	Республика Тыва	(null)
152	18	340052	391760	Udmurtiya	Удмуртская Республика	(null)
152	19	340052	391761	Hakassiya	Республика Хакасия	(null)
152	20	340052	391762	Chechnya	Заменяется на 95	(null)
152	21	340052	391763	Chuvashiya	Чувашская Республика	(null)
152	22	340052	391764	Altayskiy kray	Алтайский край	(null)
152	23	340052	391765	Krasnodarskiy kray	Краснодарский край	(null)
152	24	340052	391766	Krasnoyarskiy kray	Красноярский край	(null)
152	25	340052	391767	Primorskiy kray	Приморский край	(null)
152	26	340052	391768	Stavropolskiy kray	Ставропольский край	(null)
152	27	340052	391769	Habarovskiy kray	Хабаровский край	(null)
152	28	340052	391770	Amurskaya obl.	Амурская область	(null)
152	29	340052	391771	Arkhangelskaya obl.	Архангельская область	(null)
152	30	340052	391772	Astrakhanskaya obl.	Астраханская область	(null)
152	31	340052	391773	Belgorodskaya obl.	Белгородская область	(null)
152	32	340052	391774	Bryanskaya obl.	Брянская область	(null)
152	33	340052	391775	Vladimirskaya obl.	Владимирская область	(null)
152	34	340052	391776	Volgogradskaya obl.	Волгоградская область	(null)
152	35	340052	391777	Vologodskaya obl.	Вологодская область	(null)
152	36	340052	391778	Voronezhskaya obl.	Воронежская область	(null)
152	37	340052	391779	Ivanovskaya obl.	Ивановская область	(null)
152	38	340052	391780	Irkutskaya obl.	Иркутская область	(null)
152	39	340052	391781	Kaliningradskaya obl.	Калиниградская область	(null)
152	40	340052	391782	Kaluzhskaya obl.	Калужская область	(null)
152	41	340052	391783	Kamchyatskiy Kray	Камчатский Край	(null)
152	42	340052	391784	Kemerovskaya obl.	Кемеровская область	(null)
152	43	340052	391785	Kirovskaya obl.	Кировская область	(null)
152	44	340052	391786	Kostromskaya obl.	Костромская область	(null)
152	45	340052	391787	Kurganskaya obl.	Курганская область	(null)
152	46	340052	391788	Kurskaya obl.	Курская область	(null)
152	47	340052	391789	Leningradskaya obl.	Ленинградская область	(null)
152	48	340052	391790	Lipetskaya obl.	Липецкая область	(null)
152	49	340052	391791	Magadanskaya obl.	Магаданская область	(null)
152	50	340052	391792	Moskovskaya obl.	Московская область	(null)
152	51	340052	391793	Murmanskaya obl.	Мурманская область	(null)
152	52	340052	391794	Nizhegorodskaya obl.	Нижегородская область	(null)
152	53	340052	391795	Novgorodskaya obl.	Новгородская область	(null)
152	54	340052	391796	Novosibirskaya obl.	Новосибирская область	(null)
152	55	340052	391797	Omskaya obl.	Омская область	(null)
152	56	340052	391798	Orenburgskaya obl.	Оренбургская область	(null)
152	57	340052	391799	Orlovskaya obl.	Орловская область	(null)
152	58	340052	391800	Penzenskaya obl.	Пензенская область	(null)
152	59	340052	391801	Permskiy Kray	Пермский Край	(null)
152	60	340052	391802	Pskovskaya obl.	Псковская область	(null)
152	61	340052	391803	Rostovskaya obl.	Ростовская область	(null)
152	62	340052	391804	Ryazanskaya obl.	Рязанская область	(null)
152	63	340052	391805	Samarskaya obl.	Самарская область	(null)
152	64	340052	391806	Saratovskaya obl.	Саратовская область	(null)
152	65	340052	391807	Sakhalinskaya obl.	Сахалинская область	(null)
152	66	340052	391808	Sverdlovskaya obl.	Свердловская область	(null)
152	67	340052	391809	Smolenskaya obl.	Смоленская область	(null)
152	68	340052	391810	Tambovskaya obl.	Тамбовская область	(null)
152	69	340052	391811	Tverskaya obl.	Тверская область	(null)
152	70	340052	391812	Tomskaya obl.	Томская область	(null)
152	71	340052	391813	Tulskaya obl.	Тульская область	(null)
152	72	340052	391814	Tyumenskaya obl.	Тюменская область	(null)
152	73	340052	391815	Ulyanovskaya obl.	Ульяновская область	(null)
152	74	340052	391816	Chelyabinskaya obl.	Челябинская область	(null)
152	75	340052	391817	Zabaykalskiy Kray	Забайкальский Край	(null)
152	76	340052	391818	Yaroslavskaya obl.	Ярославская область	(null)
152	77	340052	391819	Moskow 77	г. Москва 77	(null)
152	78	340052	391820	Saint-Petersburg	г. Санкт-Петербург	(null)
152	79	340052	391821	Evreyskaya obl.	Еврейская автономная область	(null)
152	80	340052	391822	Aginskiy-Buryatskiy AO	Агинский Бурятский авт. округ	(null)
152	81	340052	391823	Komi-Permyatskiy AO	Коми-Пермяцкий автономный округ	(null)
152	82	340052	391824	Koryakskiy AO	Корякский автономный округ	(null)
152	83	340052	391825	Nenetskiy AO	Ненецкий автономный округ	(null)
152	84	340052	391826	Taymyrskiy AO	Таймырский (Долгано-Ненецкий) автономный округ	(null)
152	85	340052	391827	Ust-Ordynskiy Buryatskiy AO	Усть-Ордынский Бурятский автономный округ	(null)
152	86	340052	391828	Hanty-Mansiyskiy AO	Ханты-Мансийский автономный округ	(null)
152	87	340052	391829	Chukotskiy AO	Чукотский автономный округ	(null)
152	88	340052	391830	Evenkiyskiy AO	Эвенкийский автономный округ	(null)
152	89	340052	391831	Yamalo-Nenetskiy AO	Ямало-Ненецкий автономный округ	(null)
152	97	340052	391871	Moskow 97	г. Москва 97	(null)
152	99	340052	391833	Moskow 99	г. Москва 99	(null)
152	90	340052	391873	Other	Другое	(null)
152	00	340052	391872	Unknown	Неизвестно	(null)
152	91	340052	391879	Crimea	Республика Крым	(null)
152	92	340052	392077	Sevastopol	Севастополь	(null)
152	94	340052	392078	Baykonur	Байконур	(null)
152	95	340052	391876	Chechenskaya	Чеченская Республика	(null)
154	00	340054	392168	Real Estate	Недвижимость	(null)
154	01	340054	392169	Currency	Валюта	(null)
154	02	340054	392170	Securities	Ценные бумаги	(null)
154	03	340054	392171	Hypothecation of Goods	Товары	(null)
154	04	340054	392172	Guarantee Private	Частный гарант	(null)
154	05	340054	392173	Guarantee Corporate 	Корпоративный гарант	(null)
154	07	340054	392174	Pledge of rights	Право	(null)
154	08	340054	392175	Pledge of vehicles	Транспортное средство	(null)
154	10	340054	392176	Precious metals 	Драгоценные металлы	(null)
154	11	340054	392177	Guarantee Government	Государственные гарантии	(null)
154	12	340054	392178	Equipment, machinery	Оборудование, средства производства	(null)
154	13	340054	392179	Jewellery	Ювелирные изделия	(null)
154	14	340054	392180	Antiques	Антиквариат	(null)
154	98	340054	392181	Other	Другое	(null)
154	99	340054	392182	Unknown	Неизвестно	(null)
155	0	340055	391852	Self	Регистр. на себя	(null)
155	1	340055	391853	Other	Иное	(null)
155	9	340055	391854	Unknown	Неизвестно	(null)
156	0	340056	391855	Primary School	Начальная школа	(null)
156	1	340056	391856	Secondary School	Средняя школа	(null)
156	2	340056	391857	Specialized Secondary Education	Специализированная средняя школа	(null)
156	3	340056	391858	Not-Completed Higher Education	Неоконченное высшее образование	(null)
156	4	340056	391859	Higher Education	Высшее образование	(null)
156	5	340056	391870	Two and more higher education	Два и более высших образования	(null)
156	6	340056	391874	Academic Degree	Ученая степень	(null)
156	8	340056	391860	Other	Иное	(null)
156	9	340056	391861	Unknown	Неизвестно	(null)
157	0	340057	391864	Yes	Да	(null)
157	1	340057	391865	No	Нет	(null)
157	8	340057	391866	Other	Иное	(null)
157	9	340057	391867	Unknown	Неизвестно	(null)
162	01	340062	392079	Paid by main account holder	За счет средств основного заемщика	(null)
162	02	340062	392080	Paid by warrantor	За счет средств поручителя	(null)
162	98	340062	392081	Other	Иной	(null)
162	99	340062	392082	Unknown	Нет информации	(null)
163	1	340063	392083	Include into Info Part	Включать в состав информационную часть	(null)
163	2	340063	392084	Not include into Info Part	Не включать в состав информационную часть	(null)
164	01	340064	392085	Debt collection	Взыскание задолженности	(null)
164	02	340064	392086	Recognition of an individual incapable	Признание физического лица недееспособным	(null)
164	03	340064	392087	Recognition of an individual of limited capable	Признание физического лица ограниченно дееспособным	(null)
164	04	340064	392088	Recognition of an individual capable	Признание физического лица дееспособным	(null)
164	05	340064	392089	Invalidity / termination of the contract	Недействительность / прекращение договора	(null)
164	06	340064	392090	Penalty collection	Административный штраф	(null)
164	07	340064	392227	Recognition of a bankruptcy	Признание банкротом	(null)
164	98	340064	392091	Other	Другое	(null)
164	99	340064	392092	Unknown	Нет информации	(null)
165	051	340065	392093	Car Loan with lien of vehicle - new car	Потреб. кредиты на цели приобр. нового авто с залогом авто с пробегом 0 - 1000 км	(null)
165	052	340065	392094	Car Loan with lien of vehicle - used car	Потреб. кредиты на цели приобр. нового авто с залогом авто с пробегом > 1000 км	(null)
165	230	340065	392274	Credit Card with credit limit from 30 000 RUB to 300 000 RUB	Потребительские кредиты с лимитом кредитования (по сумме лимита кредитования на день заключения договора) - от 30 тыс. руб. до 300 тыс. руб.	(null)
165	231	340065	392095	Credit Card with credit limit less than 30 000 RUB	Потреб. кредиты с лимитом кредитования < 30 тыс. руб.	(null)
165	232	340065	392096	Credit Card with credit limit from 30 000 RUB to 100 000 RUB	Потреб. кредиты с лимитом кредитования 30 - 100 тыс. руб.	 This value is disabled and will not be accepted, but those records that are already in the DB with them will continue to be returned within the reports
165	233	340065	392097	Credit Card with credit limit from 100 000 RUB to 300 000 RUB	Потреб. кредиты с лимитом кредитования 100 - 300 тыс. руб.	 This value is disabled and will not be accepted, but those records that are already in the DB with them will continue to be returned within the reports
165	234	340065	392098	Credit Card with credit limit more than 300 000 RUB	Потреб. кредиты с лимитом кредитования > 300 тыс. руб.	(null)
165	041	340065	392099	Instalment Sales (PoS) without security, duration less than 1 year, amount less than 30 000 RUB	Цел. потреб. кредиты торг-сервис. предпр-ю в счёт оплаты товаров\/услуг (POS-кредиты) без обесп. < 1 г. < 30 тыс. руб.	(null)
165	042	340065	392100	Instalment Sales (PoS) without security, duration less than 1 year, amount from 30 000 RUB to 100 000 RUB	Цел. потреб. кредиты торг-сервис. предпр-ю в счёт оплаты товаров\/услуг (POS-кредиты) без обесп. < 1 г. 30 - 100 тыс. руб.	(null)
165	043	340065	392101	Instalment Sales (PoS) without security, duration less than 1 year, amount more than 100 000 RUB	Цел. потреб. кредиты торг-сервис. предпр-ю в счёт оплаты товаров\/услуг (POS-кредиты) без обесп. < 1 г. > 100 тыс. руб.	(null)
165	044	340065	392102	Instalment Sales (PoS) without security, duration more than 1 year, amount less than 30 000 RUB	Цел. потреб. кредиты торг-сервис. предпр-ю в счёт оплаты товаров\/услуг (POS-кредиты) без обесп. > 1 г. < 30 тыс. руб.	(null)
165	045	340065	392103	Instalment Sales (PoS) without security, duration more than 1 year, amount from 30 000 RUB to 100 000 RUB	Цел. потреб. кредиты торг-сервис. предпр-ю в счёт оплаты товаров\/услуг (POS-кредиты) без обесп. > 1 г. 30 - 100 тыс. руб.	(null)
165	046	340065	392104	Instalment Sales (PoS) without security, duration more than 1 year, amount more than 100 000 RUB	Цел. потреб. кредиты торг-сервис. предпр-ю в счёт оплаты товаров\/услуг (POS-кредиты) без обесп. > 1 г. > 100 тыс. руб.	(null)
165	021	340065	392105	Personal Loan for refinancing, duration less than 1 year, amount less than 30 000 RUB	Нецел. и цел. потреб. кредиты без залога (кроме POS), потреб. кредиты на рефинансир. задолжн. < 1 г. < 30 тыс. руб.	(null)
165	022	340065	392106	Personal Loan for refinancing, duration less than 1 year, amount from 30 000 RUB to 100 000 RUB	Нецел. и цел. потреб. кредиты без залога (кроме POS), потреб. кредиты на рефинансир. задолжн. < 1 г. 30 - 100 тыс. руб.	(null)
165	023	340065	392107	Personal Loan for refinancing, duration less than 1 year, amount from 100 000 RUB to 300 000 RUB	Нецел. и цел. потреб. кредиты без залога (кроме POS), потреб. кредиты на рефинансир. задолжн. < 1 г. 100 - 300 тыс. руб.	(null)
165	024	340065	392108	Personal Loan for refinancing, duration less than 1 year, amount more than 300 000 RUB	Нецел. и цел. потреб. кредиты без залога (кроме POS), потреб. кредиты на рефинансир. задолжн. < 1 г. > 300 тыс. руб.	(null)
165	025	340065	392109	Personal Loan for refinancing, duration more than 1 year, amount less than 30 000 RUB	Нецел. и цел. потреб. кредиты без залога (кроме POS), на рефинансир. задолжн. > 1 г. < 30 тыс. руб.	(null)
165	026	340065	392110	Personal Loan for refinancing, duration more than 1 year, amount from 30 000 RUB to 100 000 RUB	Нецел. и цел. потреб. кредиты без залога (кроме POS), потреб. кредиты на рефинансир. задолжн. > 1 г. 30 - 100 тыс. руб.	(null)
165	027	340065	392111	Personal Loan for refinancing, duration more than 1 year, amount from 100 000 RUB to 300 000 RUB	Нецел. и цел. потреб. кредиты без залога (кроме POS), потреб. кредиты на рефинансир. задолжн. > 1 г. 100 - 300 тыс. руб.	(null)
165	028	340065	392112	Personal Loan for refinancing, duration more than 1 year, amount more than 300 000 RUB	Нецел. и цел. потреб. кредиты без залога (кроме POS), потреб. кредиты на рефинансир. задолжн. > 1 г. > 300 тыс. руб.	(null)
165	029	340065	392275	Personal Loan for borrower with regular incoming payments to his bank account	Потребительские кредиты, предоставляемые при условии получения заемщиком регулярных выплат на свой банковский счет	(null)
165	030	340065	392113	Mortgage Loan	Заем, обязательства заёмщика по которому обеспечены ипотекой	(null)
165	120	340065	392114	Personal Loan for entrepreneur activity	Заем физлицу в целях предпринимат. деят-ти	(null)
165	999	340065	392115	Unknown	Не передан источником/не определен	(null)
166	01	340066	392118	Stop of data contribution due to end of contract with bureau	Прекращение передачи данных в связи с окончанием срока действия договора об оказании информационных услуг	(null)
166	02	340066	392119	Stop of data contribution due to assignment of rights	Прекращение передачи данных в связи с уступкой другому лицу права требования	(null)
166	03	340066	392120	Receivership	В отношение источника открыто конкурсное производство	(null)
166	04	340066	392121	Liquidation	В отношение источника начат процесс ликвидации	(null)
166	99	340066	392122	Unknown	Нет информации	(null)
168	01	340068	392126	Approved	Заявление одобрено	(null)
168	02	340068	392127	Consumer Credit History	Кредитная история заемщика	(null)
168	03	340068	392128	Excessive debt load on the consumer (warrantor)	Избыточная долговая нагрузка на заемщика (поручителя)	(null)
168	04	340068	392129	Lender credit policy	Кредитная политика заимодавца (кредитора)	(null)
168	05	340068	392130	Inconsistency of consumer information, provided in the application, to the information available to lender	Несоответствие информации о заемщике, указанной заемщиком в заявлении, сведениям, которыми располагает заимодавец (кредитор)	(null)
168	98	340068	392131	Other	Прочее	(null)
168	99	340068	392132	Unknown	Нет информации	(null)
169	01	340069	392135	Investment agreement Number	Номер договора инвестирования	(null)
169	02	340069	392136	Cadastral (reference) number	Кадастровый (условный) номер	(null)
169	03	340069	392137	Vehicle ID Number	VIN автомобиля	(null)
169	98	340069	392138	Other	Другое	(null)
169	99	340069	392139	Unknown	Нет информации	(null)
170	01	340070	392140	Paid by security	Исполнение обязательств за счет обеспечения	(null)
170	02	340070	392141	End of security agreement duration	Истек срок действия договора обеспечения	(null)
170	03	340070	392142	Loss of security	Утрачено обеспечение	(null)
170	04	340070	392143	Stop of security agreement	Договор обеспечения расторгнут	(null)
170	05	340070	392144	Assignment of rights	Уступка прав требования	(null)
170	98	340070	392145	Other	Иное	(null)
170	99	340070	392146	Unknown	Нет информации	(null)
171	01	340071	392147	Valid	Действителен	(null)
171	02	340071	392148	Not valid	Не действителен	(null)
171	99	340071	392149	Unknown	Нет информации	(null)
172	01	340072	392150	Agent	Посреднический (через агента)	(null)
172	02	340072	392151	Remote	Дистанционный (с использованием средств телекоммуникаций)	(null)
172	03	340072	392152	Direct	Прямой	(null)
172	99	340072	392153	Unknown	Нет информации	(null)
173	01	340073	392154	Approved	Заявление одобрено	(null)
173	02	340073	392155	Under consideration	На рассмотрении	(null)
173	03	340073	392156	Rejected	Полный отказ	(null)
173	04	340073	392247	Terminated before decision	Прекращено до принятия решения	(null)
173	99	340073	392157	Unknown	Нет информации	(null)
174	01	340074	392158	Bureau Risk Score Gen3	Скоринг бюро 3 Поколения	(null)
174	02	340074	392159	Collections Score	Скоринг по сбору задолженности	(null)
174	03	340074	392160	Customer Management Score	Скоринг по управлению портфелем	(null)
174	04	340074	392161	Insurance Score	Скоринг для страховых	(null)
174	05	340074	392162	Indebtedness Index	Индекс платежеспособности	(null)
174	06	340074	(null)	Customer Indebtedness Index Gen2	Индекс платежеспособности 2 Поколения	(null)
174	07	340074	(null)	Bureau Risk Score Gen4	основной скоринг Бюро	(null)
174	08	340074	(null)	Bureau Risk Score Gen4 – revolving	основной скоринг Бюро для револьверных продуктов	(null)
174	09	340074	(null)	Bureau Risk Score Gen4 – non-revolving	основной скоринг Бюро для неревольверных продуктов	(null)
175	01	340075	392183	Bank	Банк	(null)
175	02	340075	392184	Finance House	Финансовая компания	(null)
175	03	340075	392185	Retailer	Розничная торговля	(null)
175	04	340075	392186	Debt Collection Agency	Коллекторское агенство	(null)
175	05	340075	392187	Insurance Company	Страховая компания	(null)
175	06	340075	392188	Manufacturer Finance Company	Финансово-промышленная компания	(null)
175	09	340075	392191	On-line Services / E-commerce	Он-лайн услуги / Электронные деньги	(null)
175	11	340075	392193	Real Estate Company	Агентство недвижимости	(null)
175	12	340075	392194	Micro lending company	Микрофинансовая компания	(null)
175	13	340075	392195	Consumer Credit Cooperative	Кредитный потребительский кооператив	(null)
175	14	340075	392196	Telecommunications - Mobile Phone	Телеком - Оператор мобильной связи	(null)
175	15	340075	392197	Telecommunications - Other	Телеком - другое	(null)
175	16	340075	392198	Utilities - Electricity	Поставщик услуг ЖКХ - Энергоснабжение	(null)
175	17	340075	392199	Utilities - Water	Поставщик услуг ЖКХ - Водоснабжение	(null)
175	18	340075	392200	Utilities - Others	Поставщик услуг ЖКХ - Прочие	(null)
175	19	340075	392201	Government - Development Fund	Органы государственной власти - Государственные корпорации	(null)
175	20	340075	392202	Government - Federal Tax service	Ограны государственной власти - Федеральная налоговая служба	(null)
175	21	340075	392203	Government - Bailiff service	Ограны государственной власти - Федеральная служба судебных приставов	(null)
175	22	340075	392204	Government - Police / Internal affairs	Ограны государственной власти - Министерство внутренних дел	(null)
175	23	340075	392205	Government – Other	Ограны государственной власти - Другие	(null)
175	24	340075	392206	Management company	Управляющая компания	(null)
175	25	340075	392207	Physical person	Физическое лицо	(null)
175	26	340075	392208	Private entrepreneur	Индивидуальный предприниматель	(null)
175	27	340075	392209	Telecommunications - Land based	Телеком - Оператор фиксированной связи	(null)
175	28	340075	392210	Utilities - Gas supply	Поставщиу услуг ЖКХ - Газоснабжение	(null)
175	29	340075	392276	Investment platform operator	Оператор инвестиционной платформы	(null)
175	98	340075	392220	Other	Другое	(null)
175	99	340075	392221	Unknown	Неизвестен	(null)
176	1	340076	392224	Provided by Subscriber	Передано источником	(null)
176	2	340076	392225	Provided by Consumer	Внесено по заявлению субъекта	(null)
177	01	340077	392228	Agreement conclusion	Заключение и исполнение договора	(null)
177	02	340077	392229	Reliability Check	Проверка благонадежности	(null)
177	03	340077	392230	Employee Background Check	Прием на работу	(null)
177	99	340077	392231	Other	Иное	(null)
179	0	340079	392235	Subscriber is aware about legal responsibility	Пользователь проинформирован об ответственности за совершение административных правонарушений установленной статьями 5.53 и 14.29 Кодекса Российской Федерации об административных правонарушениях.	(null)
179	1	340079	392236	Subscriber is NOT aware about legal responsibility	Пользователь НЕ проинформирован об ответственности за совершение административных правонарушений установленной статьями 5.53 и 14.29 Кодекса Российской Федерации об административных правонарушениях.	(null)
181	01	340081	392250	A commercial court initiated insolvency (bankruptcy) proceedings with regard to a consumer	Арбитражным судом принято к производству заявление о признании физического лица несостоятельным (банкротом)	(null)
181	02	340081	392251	Debt restructuring procedure	Процедура реструктуризации долгов	(null)
181	03	340081	392252	Disposal of assets procedure	Процедура реализации имущества	(null)
181	04	340081	392253	Debt settlement 	Мировое соглашение	(null)
181	05	340081	392254	Information on unlawful activity of the consumer in the situation of insolvency (bankruptcy)	Сведения о неправомерных действиях физического лица при несостоятельности (банкротстве)	(null)
181	06	340081	392255	Information on deliberate or fictitious bankruptcy with a reference (including the date) to adding the information to the Unified Federal Register of Bankruptcy Information (UFRBI)	Сведения о преднамеренном или фиктивном банкротстве с указанием ссылки (включая дату) на включение сведений в Единый федеральный реестр сведений о банкротстве (ЕФРСБ)	(null)
181	07	340081	392256	Completion of settlements with creditors and exemption of the borrower from creditors’ claims (including the date), in the case if the commercial court rendered judgment on adjudication in bankruptcy	Завершение расчетов с кредиторами  и освобождение заемщика от исполнения требований кредиторов (включая дату), в случае, если арбитражным судом принято решение о признании физического лица банкротом	(null)
181	08	340081	392257	Non-application to the borrower of the rule for exemption from further settlement of creditors’ claims as a result of resumed insolvency (bankruptcy) proceedings in the case if the commercial court rendered judgment on adjudication in bankruptcy	Неприменение в отношении заемщика правила об освобождении от дальнейшего исполнения требований кредиторов в результате возобновления производства по делу о несостоятельности (банкротстве) физического лица в случае, если арбитражным судом принято решение о признании физического лица банкротом	(null)
181	99	340081	392258	Others	Иное	(null)
182	1	340082	392262	Official registration of the consumer as an unemployed	Регистрация заемщика в качестве безработного гражданина, который не имеет заработка, в органах службы занятости в целях поиска подходящей работы	(null)
182	2	340082	392263	Consumer recognition as the disabled person (1 or 2 disability group)	Признание заемщика инвалидом и установление ему федеральными учреждениями медико-социальной экспертизы I или II группы инвалидности	(null)
182	3	340082	392264	Temporary disability of the consumer for more than 2 consecutive months	Временная нетрудоспособность заемщика сроком более двух месяцев подряд	(null)
182	4	340082	392265	Consumer’s salary reduction by more than 30 percent of his average monthly salary (for the last year) or consumer’s spouse salary reduction (for the last year) before mortgage grace period request with the requirement	Снижение среднемесячного дохода заемщика (совокупного среднемесячного дохода всех заемщиков по кредитному договору (договору займа), рассчитанного за два месяца, предшествующие месяцу обращения заемщика с требованием, более чем на 30 процентов по сравнению со среднемесячным доходом заемщика (совокупным среднемесячным доходом заемщиков), рассчитанным за двенадцать месяцев, предшествующих месяцу обращения заемщика, при этом размер среднемесячных выплат по обслуживанию обязательств перед кредитором у заемщика (заемщиков) в соответствии с условиями кредитного договора (договора займа) и графиком платежей за шесть месяцев, следующих за месяцем обращения заемщика, превышает 50 процентов от среднемесячного дохода заемщика (заемщиков), рассчитанного за два месяца, предшествующие месяцу обращения заемщика	(null)
182	5	340082	392266	Increase in number of dependent persons on consumer and consumer’s salary reduction for 20% and more at the same time	Увеличение количества лиц, находящихся на иждивении у заемщика (определенных в соответствии с семейным законодательством Российской Федерации несовершеннолетних членов семьи, и (или) членов семьи, признанных инвалидами I или II группы в порядке, установленном законодательством Российской Федерации, и (или) лиц, находящихся под опекой или попечительством заемщика), по сравнению с количеством указанных лиц, находившихся на иждивении заемщика на день заключения кредитного договора (договора займа), с одновременным снижением среднемесячного дохода заемщика (совокупного среднемесячного дохода заемщиков), рассчитанного за два месяца, предшествующие месяцу обращения заемщика с требованием, более чем на 20 процентов по сравнению со среднемесячным доходом заемщика (совокупным среднемесячным доходом заемщиков), рассчитанным за двенадцать месяцев, предшествующих месяцу обращения заемщика, при этом размер среднемесячных выплат по обслуживанию обязательств перед кредитором у заемщика (заемщиков) в соответствии с условиями кредитного договора (договора займа) и графиком платежей за шесть месяцев, следующих за месяцем обращения заемщика, превышает 40 процентов от среднемесячного дохода заемщика (заемщиков), рассчитанного за два месяца, предшествующие месяцу обращения заемщика.	(null)
182	6	340082	392277	Decrease in the borrower's income (total income of all borrowers under the loan contract for the month preceding the month of the borrower's request to amend the terms of the loan contract, which provides for the suspension of the fulfillment by the borrower of its obligations or for private entrepreneurs to reduce the amount of payments by over the grace period, more than 30 percent compared with the average monthly income of the borrower (total average monthly income of the borrowers) for 2019. The decrease in income can be confirmed including by a certificate of incapacity for work, issued in the event of temporary incapacity for work and in connection with motherhood for a period of at least one month (in accordance with Article 6 106-FZ of 04/03/2020	Снижение дохода заемщика (совокупного дохода всех заемщиков по кредитному договору (договору займа) за месяц, предшествующий месяцу обращения заемщика с требованием об изменении условий кредитного договора (договора займа), предусматривающим приостановление исполнения заемщиком своих обязательств или для заемщиков-индивидуальных предпринимателей уменьшение размера платежей в течение льготного периода, более чем на 30 процентов по сравнению со среднемесячным доходом заемщика (совокупным среднемесячным доходом заемщиков) за 2019 год. Снижение дохода может быть подтверждено в том числе листком нетрудоспособности, выданным на случай временной нетрудоспособности и в связи с материнством на срок не менее одного месяца (в соответствии со статьей 6 106-ФЗ от 03.04.2020)	(null)
182	7	340082	392278	Deterioration oxxf the financial situation of a borrower related to small and medium-sized enterprises due to systemic factors caused by the spread of coronavirus infection (COVID-19) (in accordance with Article 7 106-FZ of 04/03/2020)	Ухудшение финансового положения заемщика, относящегося к субъектам малого и среднего предпринимательства, в связи с действиями системных факторов, обусловленных распространением коронавирусной инфекции (COVID-19) (в соответствии со статьей 7 106-ФЗ от 03.04.2020)	(null)
182	9	340082	392279	Other	Иное	(null)
183	01	340083	392267	Full exemption from payments for the grace period	Полное освобождение от уплаты платежей на период льготного периода	(null)
183	02	340083	392268	Instalment amount reduction	Снижение суммы платежа на период льготного периода	(null)
183	99	340083	392269	Other	Иное	(null)
184	01	340084	392270	Grace period expiration	Истечение срока действия льготного периода	(null)
184	02	340084	392271	Termination of grace period due to consumer’s request	Прекращение льготного периода по инициативе заёмщика	(null)
184	03	340084	392280	Cancel Grace Period	Неустановление льготного периода	(null)
184	99	340084	392272	Other	Иное	(null)
